{
  "best_val_macro_f1": 0.4180581569671631,
  "best_epoch": 7,
  "temperature": 1.029626488685608,
  "test_macro_f1": 0.416138231754303,
  "test_per_class_f1": {
    "MATERIAL_CONFLICT": 0.6698243618011475,
    "VERBAL_CONFLICT": 0.09109512716531754,
    "MATERIAL_COOPERATION": 0.0656316801905632,
    "VERBAL_COOPERATION": 0.4026470482349396,
    "STATUS_QUO": 0.8514930605888367
  },
  "test_ece_uncalibrated": 0.07148030400276184,
  "test_ece_calibrated": 0.07327042520046234,
  "test_confusion": [
    [
      29556,
      4450,
      3151,
      6459,
      683
    ],
    [
      844,
      3027,
      2103,
      2340,
      792
    ],
    [
      498,
      1462,
      2471,
      2198,
      650
    ],
    [
      12520,
      14397,
      17217,
      30909,
      6592
    ],
    [
      533,
      34016,
      43078,
      29988,
      333506
    ]
  ],
  "test_n": 583440,
  "git_sha": "unknown"
}